survived;pclass;sex;age;sibsp;parch;embarked;fare_per_customer;embarked_remapped;cabin_remapped
0;1;0;36;0;0;1;40,13;1;1
0;1;0;29,7;0;0;2;52;2;1
1;1;1;48;1;0;1;19,8;1;1
0;1;0;29,7;0;0;2;26;2;1
1;1;0;49;1;0;1;28,46;1;1
1;1;0;80;0;0;2;30;2;1
0;1;0;31;0;0;2;50,5;2;1
1;1;0;56;0;0;1;35,5;1;1
1;1;0;40;0;0;1;31;1;1
0;1;0;29,7;0;0;2;50;2;1
1;1;0;4;0;2;2;27,29;2;1
0;1;0;39;0;0;2;0;2;1
0;1;0;71;0;0;1;34,65;1;1
1;1;0;28;0;0;2;35,5;2;1
0;1;0;56;0;0;1;30,7;1;1
1;1;0;35;0;0;1;512,33;1;1
0;1;0;29,7;0;0;2;0;2;1
1;1;1;16;0;1;1;28,99;1;1
1;1;1;44;0;1;1;28,99;1;1
0;1;0;61;0;0;2;33,5;2;1
1;1;1;17;1;0;2;28,5;2;1
1;1;0;31;1;0;2;28,5;2;1
1;1;1;36;0;2;2;23,67;2;1
0;1;0;70;1;1;2;23,67;2;1
1;1;1;38;0;0;0;80;0;1
1;1;1;62;0;0;0;80;0;1
1;1;1;43;0;1;2;105,67;2;1
0;1;0;65;0;1;1;30,99;1;1
1;1;1;24;0;0;1;69,3;1;1
1;1;1;24;0;0;1;69,3;1;1
0;1;0;58;0;0;1;29,7;1;1
0;1;0;45;0;0;2;26,55;2;1
1;1;1;22;0;2;1;16,5;1;1
1;1;1;44;0;0;1;27,72;1;1
1;1;0;60;1;1;1;26,4;1;1
1;1;1;19;0;0;2;30;2;1
1;1;1;19;1;0;1;45,54;1;1
1;1;0;25;1;0;1;45,54;1;1
1;1;1;15;0;1;2;105,67;2;1
1;1;1;29;0;0;2;211,34;2;1
1;1;0;32;0;0;1;30,5;1;1
1;1;1;52;1;1;2;31,17;2;1
0;1;0;31;1;0;2;26;2;1
1;1;1;30;0;0;2;93,5;2;1
1;1;1;30;0;0;2;86,5;2;1
1;1;1;33;0;0;2;86,5;2;1
1;1;1;29,7;1;0;1;73,26;1;1
1;1;1;16;0;0;2;86,5;2;1
1;1;1;58;0;0;1;146,52;1;1
0;1;0;24;0;0;1;79,2;1;1
0;1;0;40;0;0;2;0;2;1
1;1;1;53;2;0;2;17,16;2;1
1;1;1;58;0;0;2;26,55;2;1
1;1;0;52;0;0;2;30,5;2;1
1;1;0;29,7;0;0;2;30,5;2;1
0;1;0;47;0;0;2;52;2;1
0;1;0;30;0;0;1;27,75;1;1
0;1;0;37;0;1;1;14,85;1;1
1;1;1;35;1;0;2;26,55;2;1
0;1;0;37;1;0;2;26,55;2;1
0;1;0;45,5;0;0;2;28,5;2;1
0;1;0;29,7;0;0;2;26,55;2;1
1;1;1;58;0;1;2;76,73;2;1
1;1;1;40;0;0;2;153,46;2;1
1;1;1;29,7;1;0;2;26;2;1
1;1;0;48;1;0;2;26;2;1
0;1;0;29,7;0;0;2;35;2;1
1;1;0;26;0;0;1;30;1;1
1;1;1;22;1;0;2;33,3;2;1
0;1;0;29;1;0;2;33,3;2;1
0;1;0;55;0;0;2;30,5;2;1
1;1;1;36;0;0;1;135,63;1;1
1;1;1;38;0;0;1;227,53;1;1
0;1;0;36;1;0;2;39,43;2;1
1;1;0;29,7;0;0;1;29,7;1;1
0;1;1;50;0;0;1;28,71;1;1
1;1;1;56;0;1;1;41,58;1;1
1;1;0;29,7;0;0;2;35,5;2;1
1;1;0;28;0;0;2;26,55;2;1
1;1;1;24;0;0;1;83,16;1;1
1;1;1;17;1;0;1;54,45;1;1
0;1;0;18;1;0;1;54,45;1;1
1;1;1;39;1;1;1;36,96;1;1
0;1;0;49;1;1;1;36,96;1;1
1;1;1;31;0;2;2;54,96;2;1
1;1;0;17;0;2;1;36,96;1;1
1;1;1;33;1;0;3;45;3;1
0;1;0;44;2;0;3;30;3;1
0;1;0;27;0;2;1;70,5;1;1
1;1;1;35;1;0;2;41,74;2;1
0;1;0;45;1;0;2;41,74;2;1
1;1;1;38;1;0;1;35,64;1;1
0;1;0;50;1;0;1;53,21;1;1
0;1;0;62;0;0;2;26,55;2;1
1;1;1;24;0;0;1;49,5;1;1
0;1;0;38;0;1;2;76,73;2;1
1;1;1;29,7;1;0;1;44,55;1;1
1;1;0;49;1;0;1;44,55;1;1
1;1;1;35;1;0;2;45;2;1
1;1;0;38;1;0;2;45;2;1
0;1;0;29,7;0;0;2;221,78;2;1
1;1;1;35;0;0;2;135,63;2;1
1;2;1;36;0;0;2;13;2;1
1;2;1;23;0;0;1;13,79;1;1
0;2;0;36;0;0;1;12,88;1;1
1;1;1;51;1;0;2;38,98;2;1
1;1;1;32;0;0;1;76,29;1;1
1;1;1;49;0;0;2;25,93;2;1
1;1;1;48;0;0;2;25,93;2;1
1;1;0;42;1;0;2;26,28;2;1
1;1;1;54;1;0;1;39,13;1;1
1;1;1;52;1;0;1;39,13;1;1
1;1;1;29,7;1;0;2;25,93;2;1
0;1;0;21;0;1;2;38,64;2;1
0;1;0;54;0;1;2;38,64;2;1
1;1;1;16;0;1;2;19,7;2;1
0;1;0;19;1;0;2;26,55;2;1
1;1;1;49;1;0;1;38,36;1;1
1;1;0;48;1;0;1;38,36;1;1
1;1;1;47;1;1;2;17,52;2;1
1;1;0;37;1;1;2;17,52;2;1
1;1;1;31;1;0;1;56,64;1;1
1;1;1;23;1;0;1;56,64;1;1
1;1;1;60;1;0;1;37,63;1;1
1;1;0;29,7;0;0;2;30;2;1
0;1;0;47;0;0;2;34,02;2;1
1;1;1;19;0;2;2;8,76;2;1
0;1;0;58;0;2;1;37,76;1;1
1;1;0;27;0;0;1;76,73;1;1
0;1;0;61;0;0;2;32,32;2;1
1;2;0;34;0;0;2;13;2;1
0;1;0;29;0;0;2;30;2;1
1;1;1;63;1;0;2;38,98;2;1
1;1;1;21;0;0;2;77,96;2;1
1;3;0;32;0;0;2;8,05;2;1
1;2;1;32,5;0;0;2;13;2;1
1;2;1;29,7;0;0;3;12,35;3;1
1;2;1;27;0;0;2;10,5;2;1
1;1;0;48;0;0;2;26,55;2;1
1;3;1;27;0;1;2;6,24;2;1
1;3;0;6;0;1;2;6,24;2;1
1;1;0;51;0;0;2;26,55;2;1
1;1;0;35;0;0;2;26,29;2;1
1;1;0;42;0;0;2;26,29;2;1
1;1;0;36;0;0;2;26,29;2;1
1;1;0;36;0;0;2;26,39;2;1
0;1;0;46;1;0;2;30,59;2;1
1;1;1;29,7;0;1;2;27,5;2;1
1;1;1;22;0;1;2;27,5;2;1
1;1;1;40;1;1;1;44,83;1;1
1;1;1;30;0;0;1;56,93;1;1
0;1;0;65;0;0;2;26,55;2;1
1;1;1;41;0;0;1;134,5;1;1
1;1;1;39;1;0;2;27,95;2;1
0;1;0;50;1;0;2;27,95;2;1
0;1;0;54;0;0;2;51,86;2;1
1;1;1;39;1;1;1;27,72;1;1
1;1;0;25;1;0;1;27,72;1;1
0;1;0;47;0;0;2;25,59;2;1
0;1;0;47;0;0;2;38,5;2;1
1;1;1;39;1;1;2;26,55;2;1
0;1;0;52;1;1;2;26,55;2;1
1;1;1;18;0;2;2;26,55;2;1
0;2;1;57;0;0;2;10,5;2;1
1;1;1;33;1;0;2;26,55;2;1
1;1;0;27;1;0;2;26,55;2;1
0;2;0;36,5;0;2;2;8,67;2;1
1;2;0;3;1;1;2;8,67;2;1
1;2;0;2;1;1;2;8,67;2;1
1;2;1;29;0;0;2;10,5;2;1
1;2;1;24;0;0;2;13;2;1
1;2;1;34;0;0;2;10,5;2;1
0;3;0;29,7;0;0;3;7,75;3;1
1;2;1;4;2;1;2;9,75;2;1
1;2;0;1;2;1;2;9,75;2;1
1;3;1;4;1;1;2;5,57;2;1
0;3;1;2;0;1;2;5,23;2;1
0;3;1;29;1;1;2;3,49;2;1
1;3;1;24;0;2;2;5,57;2;1
0;1;0;45;0;0;2;35,5;2;1
1;3;1;26;0;0;2;7,93;2;0
1;3;1;27;0;2;2;3,71;2;0
1;2;1;14;1;0;1;15,04;1;0
0;3;1;14;0;0;2;7,85;2;0
1;2;1;55;0;0;2;16;2;0
0;3;1;31;1;0;2;9;2;0
1;3;1;29,7;0;0;1;7,23;1;0
1;3;1;15;0;0;3;8,03;3;0
0;3;1;8;3;1;2;4,22;2;0
1;3;1;38;1;5;2;4,48;2;0
1;3;1;29,7;0;0;3;7,88;3;0
1;3;1;29,7;0;0;3;7,75;3;0
0;3;1;18;2;0;2;6;2;0
1;3;1;14;1;0;1;5,62;1;0
0;3;1;40;1;0;2;4,74;2;0
0;2;1;27;1;0;2;10,5;2;0
1;2;1;3;1;2;1;10,39;1;0
1;3;1;19;0;0;3;7,88;3;0
1;3;1;29,7;0;0;3;7,75;3;0
0;3;1;18;1;0;2;8,9;2;0
1;2;1;29;1;0;2;13;2;0
1;2;1;21;0;0;2;10,5;2;0
1;2;1;5;1;2;2;6,94;2;0
1;3;1;17;4;2;2;1,13;2;0
0;3;1;16;5;2;2;5,86;2;0
1;3;1;30;0;0;2;12,48;2;0
1;3;1;29,7;0;0;3;7,79;3;0
1;2;1;17;0;0;2;10,5;2;0
1;3;1;33;3;0;2;3,96;2;0
1;2;1;34;0;1;2;11,5;2;0
0;3;1;28;0;0;2;7,9;2;0
1;3;1;21;0;0;2;7,65;2;0
1;3;1;29,7;1;0;3;12,08;3;0
0;3;1;14,5;1;0;1;7,23;1;0
0;3;1;20;1;0;2;4,91;2;0
0;3;1;17;0;0;1;14,46;1;0
0;3;1;2;4;2;2;4,47;2;0
0;3;1;47;1;0;2;7,25;2;0
1;2;1;29;1;0;2;13;2;0
0;3;1;29,7;0;2;1;5,08;1;0
1;3;1;22;0;0;2;7,75;2;0
1;3;1;24;1;0;2;7,93;2;0
0;3;1;9;2;2;2;6,88;2;0
1;3;1;16;0;0;3;7,73;3;0
1;2;1;40;0;0;2;15,75;2;0
0;3;1;45;1;4;2;4,65;2;0
1;3;1;1;1;1;2;3,71;2;0
0;3;1;29,7;8;2;2;6,32;2;0
1;3;1;4;0;2;2;7,34;2;0
1;3;1;29,7;1;0;3;7,75;3;0
1;2;1;32;0;0;2;13;2;0
1;3;1;19;1;0;2;3,93;2;0
1;3;1;29,7;0;0;3;7,75;3;0
0;2;1;24;0;0;2;13;2;0
1;3;1;16;0;0;3;7,75;3;0
1;2;1;35;0;0;2;21;2;0
1;3;1;27;0;0;2;7,93;2;0
0;3;1;29,7;3;1;2;5,09;2;0
1;3;1;5;4;2;2;4,48;2;0
0;3;1;29,7;0;0;2;7,55;2;0
1;2;1;8;0;2;2;8,75;2;0
0;3;1;29,7;1;0;1;7,23;1;0
1;3;1;29,7;1;0;3;7,75;3;0
0;3;1;25;0;0;2;7,78;2;0
1;2;1;24;0;2;2;4,83;2;0
0;3;1;41;0;2;2;6,74;2;0
1;3;1;29;0;2;1;5,08;1;0
1;1;1;29,7;0;0;1;79,2;1;0
1;1;1;35;0;0;1;512,33;1;0
1;2;1;50;0;1;2;13;2;0
0;3;1;29,7;0;0;3;7,75;3;0
1;2;1;41;0;1;2;9,75;2;0
1;3;1;29,7;0;0;3;7,75;3;0
0;3;1;45;0;0;2;7,75;2;0
1;3;1;35;1;1;2;6,75;2;0
1;3;1;22;0;0;3;7,75;3;0
1;1;1;26;0;0;2;78,85;2;0
0;3;1;24;0;0;2;8,85;2;0
1;3;1;29,7;0;0;3;7,75;3;0
1;1;1;29,7;0;0;1;110,88;1;0
0;2;1;26;1;1;2;8,67;2;0
1;3;1;26;0;0;2;7,85;2;0
1;2;1;24;1;0;2;13;2;0
1;2;1;30;0;0;3;12,35;3;0
1;2;1;22;1;1;2;9,67;2;0
1;3;1;31;1;1;2;6,84;2;0
1;3;1;29,7;2;0;3;7,75;3;0
1;1;1;29,7;1;0;2;66,83;2;0
1;2;1;40;0;0;2;13;2;0
1;3;1;29,7;1;0;2;8,05;2;0
0;2;1;38;0;0;2;13;2;0
1;3;1;29,7;0;0;3;7,88;3;0
1;3;1;29,7;0;0;3;7,88;3;0
0;3;1;45;0;1;1;7,23;1;0
1;3;1;29,7;0;0;1;7,23;1;0
1;3;1;29,7;0;0;3;7,75;3;0
0;3;1;3;3;1;2;4,22;2;0
1;1;1;29,7;1;0;1;41,09;1;0
1;3;1;22;0;0;2;7,25;2;0
1;1;1;42;0;0;1;227,53;1;0
1;3;1;1;0;2;1;5,25;1;0
1;1;1;35;1;0;2;26;2;0
1;2;1;36;0;0;2;13;2;0
1;2;1;17;0;0;1;12;1;0
0;3;1;31;0;0;2;7,85;2;0
1;2;1;28;0;0;2;12,65;2;0
0;3;1;21;1;0;2;4,91;2;0
0;3;1;20;0;0;2;8,66;2;0
0;3;1;29,7;3;1;2;5,09;2;0
0;3;1;29,7;0;0;2;8,05;2;0
1;2;1;34;1;1;2;10,83;2;0
1;2;1;18;0;2;2;4,33;2;0
0;3;1;10;0;2;2;8,05;2;0
0;3;1;28;1;1;2;4,8;2;0
1;2;1;28;1;0;2;13;2;0
1;2;1;19;0;0;2;26;2;0
1;3;1;29,7;1;0;2;8,05;2;0
1;2;1;42;1;0;2;13;2;0
0;3;1;21;2;2;2;6,88;2;0
1;2;1;24;2;3;2;3,13;2;0
1;2;1;45;1;1;2;8,75;2;0
1;2;1;28;0;0;2;13;2;0
1;2;1;13;0;1;2;9,75;2;0
1;3;1;5;2;1;1;4,81;1;0
1;2;1;50;0;0;2;10,5;2;0
1;3;1;0,75;2;1;1;4,81;1;0
1;2;1;33;1;2;2;6,94;2;0
0;3;1;22;0;0;2;9,84;2;0
1;3;1;2;0;1;2;6,14;2;0
1;3;1;63;0;0;2;9,59;2;0
0;3;1;29,7;3;1;2;5,09;2;0
0;3;1;21;0;0;3;7,75;3;0
0;3;1;29,7;0;0;3;7,63;3;0
0;3;1;37;0;0;2;9,59;2;0
1;2;1;33;0;2;2;8,67;2;0
1;1;1;54;1;0;1;29,7;1;0
1;2;1;36;1;0;2;13;2;0
1;2;1;50;0;0;2;10,5;2;0
1;2;1;2;1;1;2;8,67;2;0
1;3;1;29,7;0;2;1;7,45;1;0
0;3;1;30;0;0;2;8,66;2;0
1;2;1;7;0;2;2;8,75;2;0
1;1;1;30;0;0;1;106,43;1;0
0;3;1;9;4;2;2;4,47;2;0
0;3;1;11;4;2;2;4,47;2;0
1;2;1;19;1;0;2;13;2;0
1;3;1;22;0;0;2;7,78;2;0
1;3;1;36;1;0;2;8,7;2;0
0;3;1;29,7;0;0;2;8,05;2;0
0;3;1;29;0;4;2;4,22;2;0
1;3;1;29,7;0;0;3;7,75;3;0
1;2;1;34;0;0;2;13;2;0
0;3;1;29,7;1;0;1;7,23;1;0
1;2;1;25;1;1;2;10;2;0
0;3;1;29,7;0;2;3;2,58;3;0
1;2;1;29,7;0;0;2;33;2;0
1;2;1;24;2;1;2;6,75;2;0
1;2;1;22;1;2;1;10,39;1;0
0;3;1;39;1;5;2;4,47;2;0
1;3;1;29,7;1;0;3;7,75;3;0
1;2;1;24;1;2;2;16,25;2;0
0;3;1;26;1;0;2;8,05;2;0
0;3;1;9;3;2;2;4,65;2;0
1;2;1;28;0;0;2;13;2;0
0;3;1;41;0;5;2;6,61;2;0
0;3;1;2;3;2;2;4,65;2;0
1;3;1;0,75;2;1;1;4,81;1;0
1;3;1;23;0;0;2;7,55;2;0
1;2;1;18;0;1;2;11,5;2;0
1;3;1;29,7;0;0;3;7,83;3;0
0;3;1;18;0;0;3;6,75;3;0
0;3;1;32;1;1;3;5,17;3;0
1;2;1;40;1;1;2;13;2;0
1;3;1;18;0;0;2;9,84;2;0
0;3;1;43;1;6;2;5,86;2;0
0;3;1;29,7;0;0;3;8,14;3;0
1;3;1;4;0;1;1;6,71;1;0
1;3;1;29,7;0;0;3;7,73;3;0
0;3;1;18;0;1;1;7,23;1;0
1;2;1;45;0;0;2;13,5;2;0
1;1;1;22;0;0;2;151,55;2;0
1;2;1;6;0;1;2;16,5;2;0
1;2;1;30;3;0;2;5,25;2;0
1;3;1;29,7;0;0;3;7,74;3;0
0;3;1;25;1;0;2;3,96;2;0
0;3;1;48;1;3;2;6,88;2;0
1;2;1;30;0;0;2;13;2;0
1;2;1;4;1;1;2;7,67;2;0
1;2;1;48;1;2;2;16,25;2;0
0;3;1;30,5;0;0;3;7,75;3;0
1;2;1;54;1;3;2;4,6;2;0
1;3;1;5;0;0;2;12,48;2;0
1;3;1;13;0;0;1;7,23;1;0
1;3;1;18;0;0;2;7,5;2;0
0;3;1;29,7;8;2;2;6,32;2;0
1;3;1;31;0;0;2;8,68;2;0
0;3;1;30;1;1;2;8,05;2;0
1;2;1;31;1;1;2;8,75;2;0
0;3;1;18;0;0;2;7,78;2;0
0;3;1;6;4;2;2;4,47;2;0
0;3;1;23;0;0;2;7,93;2;0
1;3;1;15;1;0;1;7,23;1;0
1;1;1;30;0;0;1;31;1;0
0;3;1;9;1;1;1;5,08;1;0
0;2;1;44;1;0;2;13;2;0
1;3;1;18;0;1;2;4,68;2;0
1;1;1;45;1;1;2;54,96;2;0
1;3;1;24;0;3;1;4,81;1;0
0;3;1;29,7;8;2;2;6,32;2;0
1;2;1;42;0;0;2;13;2;0
1;2;1;27;1;0;1;6,93;1;0
1;2;1;28;1;0;1;12;1;0
1;3;1;15;0;0;1;7,23;1;0
1;2;1;25;0;1;2;13;2;0
0;3;1;22;0;0;2;10,52;2;0
0;3;1;39;0;5;3;4,85;3;0
0;3;1;29,7;1;2;2;5,86;2;0
0;3;0;22;1;0;2;3,63;2;0
0;3;0;35;0;0;2;8,05;2;0
0;3;0;29,7;0;0;3;8,46;3;0
0;3;0;2;3;1;2;4,22;2;0
0;3;0;20;0;0;2;8,05;2;0
0;3;0;39;1;5;2;4,47;2;0
0;3;0;2;4;1;3;4,85;3;0
1;2;0;29,7;0;0;2;13;2;0
0;2;0;35;0;0;2;26;2;0
0;3;0;29,7;0;0;1;7,23;1;0
0;3;0;29,7;0;0;2;7,9;2;0
0;1;0;40;0;0;1;27,72;1;0
0;2;0;66;0;0;2;10,5;2;0
0;1;0;28;1;0;1;41,09;1;0
0;1;0;42;1;0;2;26;2;0
1;3;0;29,7;0;0;1;7,23;1;0
0;3;0;21;0;0;2;8,05;2;0
0;3;0;29,7;0;0;1;7,9;1;0
0;3;0;29,7;0;0;2;8,05;2;0
0;3;0;29,7;1;0;3;7,75;3;0
0;3;0;29,7;2;0;1;7,23;1;0
0;3;0;7;4;1;2;6,61;2;0
0;3;0;21;0;0;2;7,8;2;0
0;3;0;28,5;0;0;1;7,23;1;0
0;3;0;11;5;2;2;5,86;2;0
0;3;0;22;0;0;1;7,23;1;0
0;3;0;4;3;2;2;4,65;2;0
0;1;0;29,7;0;0;1;27,72;1;0
1;3;0;29,7;1;1;1;5,08;1;0
0;3;0;19;0;0;2;8,16;2;0
0;3;0;26;2;0;2;2,89;2;0
0;2;0;32;0;0;2;10,5;2;0
0;2;0;21;0;0;2;73,5;2;0
0;3;0;26;1;0;1;7,23;1;0
1;3;0;32;0;0;2;56,5;2;0
0;3;0;29,7;0;0;2;7,9;2;0
0;3;0;29,7;0;0;2;8,05;2;0
1;2;0;0,83;0;2;2;9,67;2;0
0;3;0;22;0;0;2;9;2;0
1;3;0;29;0;0;2;9,5;2;0
0;1;0;28;0;0;2;47,1;2;0
0;3;0;16;1;3;2;6,88;2;0
0;3;0;29,7;0;0;2;8,05;2;0
0;3;0;24;0;0;2;8,05;2;0
0;3;0;29;0;0;2;8,05;2;0
0;3;0;20;0;0;2;7,85;2;0
0;3;0;26;1;2;2;5,14;2;0
0;3;0;59;0;0;2;7,25;2;0
0;3;0;29,7;0;0;2;8,05;2;0
0;2;0;34;1;0;2;13;2;0
0;3;0;29,7;0;0;2;7,9;2;0
0;3;0;33;0;0;2;8,65;2;0
0;3;0;37;2;0;2;2,64;2;0
0;3;0;28;0;0;2;7,9;2;0
1;3;0;29,7;0;0;2;7,78;2;0
0;3;0;38;0;0;2;7,9;2;0
0;3;0;22;0;0;2;8,05;2;0
0;3;0;21;0;0;2;7,93;2;0
0;3;0;70,5;0;0;3;7,75;3;0
0;2;0;29;1;0;2;10,5;2;0
0;2;0;21;2;0;2;24,5;2;0
0;3;0;29,7;0;0;2;8,05;2;0
0;2;0;32,5;1;0;1;15,04;1;0
1;3;0;12;1;0;1;5,62;1;0
0;3;0;29,7;0;0;3;7,75;3;0
1;3;0;24;0;0;2;7,14;2;0
0;3;0;45;0;0;2;6,98;2;0
0;3;0;33;0;0;1;7,9;1;0
0;3;0;20;0;0;2;7,05;2;0
0;2;0;25;0;0;2;13;2;0
0;2;0;23;0;0;1;15,05;1;0
0;3;0;16;0;0;2;9,22;2;0
0;3;0;19;0;0;3;6,75;3;0
0;2;0;18;0;0;2;11,5;2;0
0;2;0;19;1;1;2;12,25;2;0
1;3;0;27;0;0;2;7,8;2;0
0;2;0;42;0;0;2;13;2;0
0;2;0;51;0;0;2;12,53;2;0
0;3;0;55,5;0;0;2;8,05;2;0
0;3;0;40,5;0;2;2;4,83;2;0
0;3;0;29,7;0;0;2;7,31;2;0
0;1;0;51;0;1;1;30,69;1;0
0;3;0;30;0;0;2;8,05;2;0
0;3;0;29,7;0;0;2;8,66;2;0
0;3;0;29,7;8;2;2;6,32;2;0
0;3;0;44;0;1;2;8,05;2;0
0;3;0;26;0;0;2;7,78;2;0
0;3;0;17;0;0;2;8,66;2;0
0;3;0;1;4;1;2;6,61;2;0
1;3;0;9;0;2;2;6,84;2;0
0;1;0;29,7;0;0;2;25,93;2;0
0;3;0;28;0;0;2;56,5;2;0
0;3;0;4;4;1;3;4,85;3;0
0;3;0;21;0;0;2;7,93;2;0
0;3;0;18;1;1;2;2,62;2;0
0;3;0;29,7;3;1;2;5,09;2;0
0;2;0;30;0;0;2;13;2;0
0;3;0;36;0;0;2;0;2;0
0;2;0;29,7;0;0;1;15,05;1;0
0;3;0;9;4;2;2;4,48;2;0
1;1;0;45;0;0;2;26,55;2;0
0;3;0;40;1;1;3;5,17;3;0
0;3;0;36;0;0;2;7,9;2;0
0;2;0;19;0;0;2;13;2;0
0;3;0;29,7;0;0;3;7,75;3;0
0;3;0;42;0;1;2;4,2;2;0
0;3;0;28;0;0;2;9,5;2;0
0;3;0;29,7;8;2;2;6,32;2;0
0;3;0;34;0;0;2;6,5;2;0
0;3;0;45,5;0;0;1;7,23;1;0
1;3;0;18;0;0;2;8,05;2;0
0;3;0;32;1;0;2;7,93;2;0
1;3;0;26;0;0;1;18,79;1;0
0;3;0;24;0;0;2;7,05;2;0
0;3;0;22;0;0;2;7,25;2;0
0;2;0;30;0;0;2;13;2;0
0;3;0;29,7;1;0;3;3,88;3;0
0;2;0;42;1;0;2;13,5;2;0
0;2;0;30;0;0;2;10,5;2;0
1;3;0;16;0;0;2;8,05;2;0
0;2;0;27;0;0;2;13;2;0
0;3;0;51;0;0;2;8,05;2;0
0;3;0;29,7;0;0;2;7,9;2;0
0;3;0;22;0;0;2;9,35;2;0
1;2;0;19;0;0;2;10,5;2;0
0;3;0;20,5;0;0;2;7,25;2;0
0;2;0;18;0;0;2;13;2;0
0;3;0;29;0;0;2;7,78;2;0
0;2;0;59;0;0;2;13,5;2;0
0;2;0;24;0;0;2;10,5;2;0
0;2;0;44;1;0;2;13;2;0
0;2;0;19;0;0;2;10,5;2;0
0;2;0;33;0;0;2;12,28;2;0
0;2;0;29;0;0;2;10,5;2;0
0;3;0;22;0;0;2;7,13;2;0
0;3;0;30;0;0;1;7,23;1;0
0;2;0;54;1;0;2;13;2;0
0;3;0;29,7;0;0;2;7,25;2;0
0;3;0;30;1;0;2;8,05;2;0
0;3;0;29,7;0;0;3;7,75;3;0
1;3;0;3;4;2;2;4,48;2;0
0;2;0;36;0;0;2;10,5;2;0
0;3;0;16;4;1;2;6,61;2;0
1;3;0;25;1;0;2;3,89;2;0
0;1;0;29,7;0;0;2;31;2;0
1;3;0;25;0;0;2;0;2;0
0;2;0;29,7;0;0;2;0;2;0
0;3;0;7;4;1;3;4,85;3;0
0;3;0;65;0;0;3;7,75;3;0
0;3;0;28;0;0;2;7,85;2;0
0;3;0;16;0;0;2;9,5;2;0
1;3;0;19;0;0;2;8,05;2;0
0;3;0;33;0;0;1;8,66;1;0
1;3;0;30;0;0;2;9,5;2;0
0;3;0;22;0;0;2;7,9;2;0
1;2;0;42;0;0;2;13;2;0
0;3;0;24;0;0;2;7,9;2;0
0;1;0;29,7;0;0;1;27,72;1;0
0;3;0;23,5;0;0;1;7,23;1;0
1;3;0;29,7;2;0;3;7,75;3;0
0;3;0;19;0;0;2;0;2;0
0;3;0;29,7;0;0;2;8,05;2;0
0;2;0;30;1;0;1;12;1;0
0;3;0;28;0;0;2;7,9;2;0
0;2;0;43;1;1;2;8,75;2;0
0;2;0;54;0;0;2;14;2;0
0;3;0;22;0;0;2;7,25;2;0
0;3;0;27;0;0;2;7,9;2;0
0;3;0;29,7;8;2;2;6,32;2;0
0;3;0;61;0;0;2;6,24;2;0
0;3;0;16;2;0;2;6;2;0
0;3;0;29,7;0;0;2;7,9;2;0
1;3;0;45;0;0;2;8,05;2;0
0;2;0;28;0;0;2;13;2;0
0;2;0;25;0;0;2;13;2;0
0;2;0;36;0;0;2;13;2;0
1;3;0;3;1;1;2;5,3;2;0
0;3;0;42;0;0;2;8,66;2;0
0;3;0;23;0;0;2;9,23;2;0
0;3;0;15;1;1;1;2,41;1;0
0;3;0;25;1;0;2;8,9;2;0
0;3;0;29,7;0;0;1;7,23;1;0
0;3;0;28;0;0;2;9,5;2;0
0;3;0;40;1;4;2;4,65;2;0
0;2;0;29;1;0;1;13,86;1;0
0;3;0;35;0;0;2;7,05;2;0
0;3;0;29,7;1;0;3;7,75;3;0
0;3;0;30;0;0;2;7,25;2;0
0;3;0;18;1;0;2;3,25;2;0
0;3;0;19;0;0;2;8,05;2;0
0;1;0;22;0;0;1;135,63;1;0
0;3;0;20;0;0;1;4,01;1;0
0;3;0;19;0;0;2;7,78;2;0
0;3;0;32;0;0;2;7,93;2;0
0;3;0;29,7;0;0;2;7,9;2;0
0;2;0;18;0;0;2;73,5;2;0
0;3;0;1;5;2;2;5,86;2;0
0;3;0;29,7;0;0;3;7,73;3;0
1;3;0;21;0;0;2;7,8;2;0
0;3;0;28;2;0;2;2,64;2;0
0;3;0;22;0;0;2;7,8;2;0
0;2;0;46;0;0;2;26;2;0
0;2;0;23;0;0;2;10,5;2;0
1;3;0;39;0;0;2;7,93;2;0
0;3;0;26;0;0;2;8,05;2;0
0;3;0;28;1;0;2;7,93;2;0
0;2;0;34;1;0;2;10,5;2;0
0;3;0;51;0;0;2;7,75;2;0
1;2;0;3;1;1;2;6,25;2;0
0;3;0;21;0;0;2;7,78;2;0
0;3;0;29,7;0;0;2;7,9;2;0
0;3;0;29,7;0;0;3;6,86;3;0
0;2;0;29,7;0;0;2;0;2;0
1;3;0;44;0;0;2;7,93;2;0
0;2;0;30;0;0;2;13;2;0
0;3;0;29,7;0;0;1;7,9;1;0
0;3;0;21;0;0;3;7,73;3;0
0;3;0;29;0;0;2;7,88;2;0
0;3;0;18;1;1;2;6,74;2;0
0;3;0;29,7;0;0;2;7,25;2;0
0;3;0;29,7;0;0;3;7,75;3;0
0;3;0;17;0;0;2;7,13;2;0
0;2;0;31;0;0;2;10,5;2;0
0;3;0;20;0;0;2;9,5;2;0
0;3;0;25;1;0;2;3,89;2;0
1;3;0;29,7;0;0;2;8,11;2;0
1;1;0;34;0;0;2;26,55;2;0
0;2;0;36;1;2;2;6,94;2;0
0;3;0;29,7;1;0;2;9,98;2;0
0;3;0;29,7;0;0;2;8,05;2;0
1;3;0;29;0;0;1;7,9;1;0
0;3;0;29,7;0;0;3;7,75;3;0
0;3;0;34;0;0;2;8,05;2;0
0;2;0;48;0;0;2;13;2;0
0;3;0;29,7;0;0;2;8,05;2;0
0;3;0;38;0;0;2;7,05;2;0
0;2;0;29,7;0;0;2;0;2;0
0;1;0;56;0;0;2;26,55;2;0
0;3;0;29,7;0;0;3;7,73;3;0
0;3;0;29,7;0;0;2;7,25;2;0
0;3;0;38;0;0;2;8,66;2;0
0;2;0;34;1;0;2;10,5;2;0
0;3;0;29;1;0;2;3,52;2;0
0;3;0;22;0;0;2;7,52;2;0
0;3;0;9;5;2;2;5,86;2;0
0;2;0;29,7;0;0;2;0;2;0
0;3;0;50;0;0;2;8,05;2;0
0;3;0;30;0;0;2;8,05;2;0
1;3;0;9;1;1;2;5,3;2;0
0;3;0;29,7;1;0;2;9,98;2;0
0;3;0;21;0;0;2;7,25;2;0
0;1;0;71;0;0;1;49,5;1;0
0;3;0;21;0;0;2;8,05;2;0
0;3;0;29,7;0;0;1;14,46;1;0
0;3;0;29,7;0;0;2;15,1;2;0
0;3;0;24;0;0;2;7,8;2;0
0;3;0;17;0;0;2;8,66;2;0
1;1;0;29,7;0;0;2;26,55;2;0
0;3;0;28;0;0;2;22,53;2;0
1;3;0;26;0;0;2;56,5;2;0
1;3;0;29;0;0;3;7,75;3;0
0;3;0;29,7;0;0;2;8,05;2;0
0;3;0;24;0;0;2;7,5;2;0
0;3;0;29,7;0;0;3;24,15;3;0
0;3;0;32;0;0;2;7,9;2;0
0;3;0;22;0;0;2;7,9;2;0
0;3;0;29,7;0;0;1;7,23;1;0
0;3;0;29,7;0;0;1;7,23;1;0
0;3;0;40,5;0;0;3;7,75;3;0
0;3;0;39;0;0;2;7,93;2;0
0;2;0;23;2;1;2;2,88;2;0
0;3;0;29,7;0;0;1;7,23;1;0
0;3;0;17;1;1;1;2,41;1;0
0;3;0;29,7;0;0;2;14,5;2;0
1;2;0;32;1;0;2;13;2;0
0;1;0;64;0;0;2;26;2;0
1;2;0;29,7;0;0;1;13,86;1;0
0;3;0;33;1;1;2;6,84;2;0
1;2;0;8;1;1;2;12,25;2;0
0;2;0;27;0;0;2;26;2;0
0;3;0;29,7;0;0;3;7,83;3;0
1;3;0;22;0;0;1;7,23;1;0
0;1;0;62;0;0;2;26,55;2;0
0;1;0;29,7;0;0;1;227,53;1;0
0;3;0;29,7;0;0;3;7,75;3;0
0;3;0;40;0;0;2;7,9;2;0
0;2;0;28;0;0;2;13,5;2;0
0;3;0;29,7;0;0;2;8,05;2;0
0;3;0;24;2;0;2;8,05;2;0
0;3;0;19;0;0;2;7,9;2;0
0;3;0;29,7;0;0;1;7,23;1;0
1;3;0;32;0;0;2;7,85;2;0
1;2;0;62;0;0;2;10,5;2;0
0;3;0;16;0;0;2;8,05;2;0
0;3;0;19;0;0;2;14,5;2;0
1;3;0;32;0;0;2;7,93;2;0
0;2;0;54;0;0;2;26;2;0
0;3;0;29,7;0;0;1;8,71;1;0
0;2;0;47;0;0;2;15;2;0
0;3;0;22;0;0;2;8,05;2;0
0;3;0;29,7;0;0;2;8,05;2;0
0;3;0;35;0;0;2;7,13;2;0
0;3;0;47;0;0;2;7,25;2;0
0;2;0;37;1;0;2;13;2;0
0;3;0;36;1;1;2;8,05;2;0
0;3;0;49;0;0;2;0;2;0
0;3;0;29,7;0;0;1;7,23;1;0
0;3;0;29,7;0;0;2;7,9;2;0
0;1;0;29,7;0;0;2;42,4;2;0
0;3;0;44;0;0;2;8,05;2;0
1;1;0;35;0;0;1;26,55;1;0
0;3;0;36;1;0;2;7,78;2;0
0;3;0;30;0;0;2;7,9;2;0
1;1;0;27;0;0;2;30,5;2;0
0;3;0;29,7;0;0;2;7,05;2;0
0;3;0;29,7;0;0;3;7,75;3;0
0;3;0;35;0;0;2;8,05;2;0
0;3;0;34;1;1;2;4,8;2;0
0;2;0;26;0;0;2;10,5;2;0
0;3;0;27;1;0;1;7,23;1;0
1;3;0;20;1;1;1;5,25;1;0
0;3;0;21;0;0;2;7,85;2;0
0;3;0;21;0;0;2;16,1;2;0
0;2;0;57;0;0;3;12,35;3;0
0;3;0;26;0;0;2;7,9;2;0
0;3;0;29,7;0;0;3;7,73;3;0
0;3;0;51;0;0;2;7,05;2;0
0;1;0;29,7;0;0;2;0;2;0
0;3;0;32;0;0;2;7,93;2;0
0;2;0;31;1;1;2;8,75;2;0
0;3;0;29,7;1;0;2;8,05;2;0
0;3;0;20;0;0;2;7,85;2;0
1;3;0;29,7;0;0;2;56,5;2;0
0;3;0;19;0;0;2;7,9;2;0
0;3;0;29,7;0;0;2;7,55;2;0
0;3;0;29,7;0;0;2;7,9;2;0
0;3;0;21;0;0;2;8,43;2;0
0;2;0;24;2;0;2;24,5;2;0
0;3;0;29,7;0;0;2;7,9;2;0
0;2;0;23;0;0;2;13;2;0
1;1;0;50;2;0;2;44,55;2;0
0;3;0;40;0;0;1;7,23;1;0
0;3;0;36;0;0;2;7,5;2;0
1;3;0;20;1;0;2;3,96;2;0
0;2;0;32;2;0;2;24,5;2;0
0;2;0;25;0;0;2;13;2;0
0;3;0;29,7;0;0;2;7,78;2;0
0;3;0;43;0;0;2;8,05;2;0
0;2;0;70;0;0;2;10,5;2;0
1;2;0;31;0;0;2;13;2;0
0;2;0;29,7;0;0;2;0;2;0
0;3;0;18;0;0;2;7,78;2;0
0;3;0;24,5;0;0;2;8,05;2;0
0;3;0;20;0;0;2;9,23;2;0
0;3;0;14;5;2;2;5,86;2;0
0;2;0;60;1;1;2;13;2;0
0;2;0;25;1;2;1;10,39;1;0
0;3;0;14;4;1;2;6,61;2;0
0;3;0;19;0;0;2;10,17;2;0
0;3;0;18;0;0;2;7,8;2;0
1;3;0;29,7;0;0;2;56,5;2;0
0;3;0;25;0;0;1;7,23;1;0
0;1;0;60;0;0;2;26,55;2;0
0;2;0;52;0;0;2;13,5;2;0
0;3;0;44;0;0;2;8,05;2;0
0;3;0;25;0;0;3;7,74;3;0
0;3;0;26;1;0;2;3,93;2;0
0;2;0;39;0;0;2;26;2;0
1;3;0;29,7;1;1;1;5,08;1;0
0;3;0;29;0;0;2;9,48;2;0
0;2;0;52;0;0;2;13;2;0
0;3;0;29,7;0;0;3;15,5;3;0
0;3;0;33;0;0;2;7,78;2;0
0;3;0;17;1;0;2;3,53;2;0
0;2;0;34;0;0;2;13;2;0
0;2;0;50;0;0;2;13;2;0
0;3;0;20;0;0;2;8,66;2;0
0;2;0;25;1;0;2;13;2;0
0;3;0;11;0;0;1;18,79;1;0
0;2;0;29,7;0;0;2;0;2;0
0;2;0;23;0;0;2;13;2;0
0;2;0;23;0;0;2;13;2;0
0;3;0;28,5;0;0;2;16,1;2;0
0;3;0;29,7;0;0;2;7,9;2;0
0;3;0;29,7;0;0;2;7,9;2;0
0;3;0;24;1;0;2;8,05;2;0
1;3;0;31;0;0;2;7,93;2;0
0;3;0;16;1;1;2;6,75;2;0
0;3;0;31;0;0;3;7,75;3;0
0;3;0;33;0;0;2;9,5;2;0
0;3;0;23;0;0;2;7,9;2;0
1;2;0;0,67;1;1;2;4,83;2;0
0;3;0;28;0;0;2;7,8;2;0
0;2;0;18;0;0;2;11,5;2;0
0;3;0;34;0;0;2;8,05;2;0
0;3;0;29,7;0;0;2;14,5;2;0
0;3;0;41;0;0;2;7,13;2;0
1;3;0;20;0;0;1;7,23;1;0
0;3;0;16;0;0;2;7,78;2;0
0;1;0;29,7;0;0;1;39,6;1;0
0;3;0;29,7;1;0;3;12,08;3;0
0;3;0;32;0;0;2;8,36;2;0
0;3;0;24;0;0;2;9,5;2;0
0;3;0;48;0;0;2;7,85;2;0
0;3;0;29,7;0;0;1;7,23;1;0
0;3;0;18;0;0;2;7,75;2;0
0;3;0;29,7;0;0;3;7,74;3;0
0;3;0;29,7;1;2;2;5,86;2;0
0;3;0;25;0;0;2;7,05;2;0
0;3;0;25;0;0;2;7,25;2;0
0;3;0;8;4;1;3;4,85;3;0
1;3;0;1;1;2;2;5,14;2;0
0;3;0;29,7;0;0;3;7,75;3;0
0;2;0;16;0;0;2;26;2;0
0;1;0;29,7;0;0;1;30,7;1;0
0;3;0;25;0;0;2;7,9;2;0
0;2;0;39;0;0;2;13;2;0
0;3;0;30;0;0;1;7,23;1;0
0;2;0;34;0;0;2;13;2;0
1;3;0;0,42;0;1;1;4,26;1;0
1;3;0;27;0;0;2;6,98;2;0
0;3;0;31;0;0;2;7,78;2;0
0;2;0;39;0;0;2;13;2;0
0;3;0;26;0;0;2;7,89;2;0
0;3;0;39;0;0;2;24,15;2;0
0;2;0;35;0;0;2;10,5;2;0
0;3;0;30,5;0;0;2;8,05;2;0
0;2;0;31;1;1;1;12,33;1;0
0;3;0;43;0;0;2;6,45;2;0
0;3;0;10;3;2;2;4,65;2;0
1;3;0;27;0;0;2;8,66;2;0
0;1;0;38;0;0;2;0;2;0
0;3;0;2;4;1;2;6,61;2;0
0;3;0;29,7;0;0;3;6,95;3;0
0;3;0;29,7;0;0;2;56,5;2;0
1;2;0;1;0;2;1;12,33;1;0
1;3;0;29,7;0;0;3;7,75;3;0
1;2;0;0,83;1;1;2;6,25;2;0
0;3;0;29,7;0;0;1;7,23;1;0
0;3;0;23;0;0;2;7,85;2;0
0;3;0;18;0;0;2;8,3;2;0
0;3;0;21;0;0;2;8,66;2;0
0;3;0;29,7;0;0;2;8,05;2;0
1;3;0;32;0;0;2;56,5;2;0
0;3;0;20;0;0;2;7,93;2;0
0;2;0;16;0;0;2;10,5;2;0
0;3;0;34,5;0;0;1;6,44;1;0
0;3;0;17;0;0;2;8,66;2;0
0;3;0;42;0;0;2;7,55;2;0
0;3;0;29,7;8;2;2;6,32;2;0
0;3;0;35;0;0;1;7,9;1;0
0;2;0;28;0;1;2;16,5;2;0
0;3;0;4;4;2;2;4,47;2;0
0;3;0;74;0;0;2;7,78;2;0
0;3;0;29,7;0;0;1;7,23;1;0
0;3;0;41;2;0;2;4,7;2;0
0;2;0;21;1;0;2;5,75;2;0
0;2;0;24;0;0;2;13;2;0
0;3;0;29,7;0;0;2;9,5;2;0
1;3;0;4;1;1;2;3,71;2;0
0;3;0;26;0;0;2;7,9;2;0
0;3;0;47;0;0;2;9;2;0
0;3;0;20;0;0;2;9,85;2;0
0;3;0;19;0;0;2;7,9;2;0
0;3;0;29,7;0;0;2;7,9;2;0
0;3;0;33;0;0;2;7,9;2;0
0;2;0;28;0;0;2;10,5;2;0
0;3;0;25;0;0;2;7,05;2;0
0;2;0;27;0;0;2;13;2;0
0;3;0;32;0;0;3;7,75;3;0
